'2030',tong_luc,tong_luk,tong_lua_tom,tong_tsl,tong_bhk,tong_lnk,proportion_agrofarmers_adapted,proportion_aquafarmers_adapted,dt_tsl_risk,dt_lua_caqrisk,budget_supported
2030,680725.0,730450.0,55875.0,759775.0,221725.0,535100.0,0.8999999999999999,0.8999999999999999,0.0,0.0,0.0
2030,680725.0,730450.0,55875.0,759775.0,221725.0,535100.0,0.8999999999999999,0.8999999999999999,0.0,0.0,0.0
2030,680725.0,730450.0,55875.0,759775.0,221725.0,535100.0,0.8999999999999999,0.8999999999999999,0.0,0.0,0.0
2030,680725.0,730450.0,55875.0,759775.0,221725.0,535100.0,0.8999999999999999,0.8999999999999999,0.0,0.0,0.0
2030,680725.0,730450.0,55875.0,759775.0,221725.0,535100.0,0.8999999999999999,0.8999999999999999,0.0,0.0,0.0
2030,680725.0,730450.0,55875.0,759775.0,221725.0,535100.0,0.8999999999999999,0.8999999999999999,0.0,0.0,0.0
2030,680725.0,730450.0,55875.0,759775.0,221725.0,535100.0,0.8999999999999999,0.8999999999999999,0.0,0.0,0.0
2030,680725.0,730450.0,55875.0,759775.0,221725.0,535100.0,0.8999999999999999,0.8999999999999999,0.0,0.0,0.0
2030,680725.0,730450.0,55875.0,759775.0,221725.0,535100.0,0.8999999999999999,0.8999999999999999,0.0,0.0,0.0
